﻿{"paragraphs":[{"text":"%pyspark\nfrom pyspark.sql.functions import col\nfrom pyspark.ml.classification import RandomForestClassifier\nfrom pyspark.ml.classification import DecisionTreeClassifier\nfrom pyspark.ml.classification import MultilayerPerceptronClassifier\nfrom pyspark.ml.feature import StringIndexer\nfrom pyspark.ml.feature import MinMaxScaler\nfrom pyspark.ml.feature import VectorAssembler\nfrom pyspark.ml.evaluation import MulticlassClassificationEvaluator\nfrom numpy import array","user":"anonymous","dateUpdated":"2017-04-23T13:19:16-0700","config":{"colWidth":12,"editorMode":"ace/mode/python","results":{},"enabled":true,"editorSetting":{"language":"python","editOnDblClick":false}},"settings":{"params":{},"forms":{}},"results":{"code":"SUCCESS","msg":[]},"apps":[],"jobName":"paragraph_1492935411274_576758133","id":"20170423-055816_313551939","dateCreated":"2017-04-23T01:16:51-0700","dateStarted":"2017-04-23T13:19:16-0700","dateFinished":"2017-04-23T13:20:00-0700","status":"FINISHED","progressUpdateIntervalMs":500,"focus":true,"$$hashKey":"object:234"},{"text":"%pyspark\n#data = sc.textFile('s3://dc-sparkzeppelin/BreastCancerData.txt').map(lambda lines: lines.split(\" \"))\n# Or you can wget from command line on my GitHub account from terminal line on Ubuntu\ndata = sc.textFile('/home/rxe/myProjects/dataScience/breastCancer/data.txt').map(lambda lines: lines.split(\" \"))\n","user":"anonymous","dateUpdated":"2017-04-23T13:23:11-0700","config":{"colWidth":12,"editorMode":"ace/mode/python","results":{},"enabled":true,"editorSetting":{"language":"python","editOnDblClick":false}},"settings":{"params":{},"forms":{}},"results":{"code":"SUCCESS","msg":[]},"apps":[],"jobName":"paragraph_1492935411280_585222609","id":"20170423-055905_540096736","dateCreated":"2017-04-23T01:16:51-0700","dateStarted":"2017-04-23T13:23:11-0700","dateFinished":"2017-04-23T13:23:11-0700","status":"FINISHED","progressUpdateIntervalMs":500,"$$hashKey":"object:235"},{"text":"%pyspark\ndata","user":"anonymous","dateUpdated":"2017-04-23T13:23:16-0700","config":{"colWidth":12,"editorMode":"ace/mode/python","results":{},"enabled":true,"editorSetting":{"language":"python","editOnDblClick":false}},"settings":{"params":{},"forms":{}},"results":{"code":"SUCCESS","msg":[{"type":"TEXT","data":"PythonRDD[4] at RDD at PythonRDD.scala:48\n"}]},"apps":[],"jobName":"paragraph_1492935411282_585992107","id":"20170423-055959_1651811836","dateCreated":"2017-04-23T01:16:51-0700","dateStarted":"2017-04-23T13:23:16-0700","dateFinished":"2017-04-23T13:23:16-0700","status":"FINISHED","progressUpdateIntervalMs":500,"$$hashKey":"object:236"},{"text":"%pyspark\ndata.collect()","user":"anonymous","dateUpdated":"2017-04-23T13:23:19-0700","config":{"colWidth":12,"editorMode":"ace/mode/python","results":{},"enabled":true,"editorSetting":{"language":"python","editOnDblClick":false}},"settings":{"params":{},"forms":{}},"results":{"code":"ERROR","msg":[{"type":"TEXT","data":"Traceback (most recent call last):\n  File \"/tmp/zeppelin_pyspark-7364956677326941508.py\", line 349, in <module>\n    raise Exception(traceback.format_exc())\nException: Traceback (most recent call last):\n  File \"/tmp/zeppelin_pyspark-7364956677326941508.py\", line 342, in <module>\n    exec(code)\n  File \"<stdin>\", line 1, in <module>\n  File \"/usr/lib/spark/python/pyspark/rdd.py\", line 809, in collect\n    port = self.ctx._jvm.PythonRDD.collectAndServe(self._jrdd.rdd())\n  File \"/usr/lib/spark/python/lib/py4j-0.10.4-src.zip/py4j/java_gateway.py\", line 1133, in __call__\n    answer, self.gateway_client, self.target_id, self.name)\n  File \"/usr/lib/spark/python/pyspark/sql/utils.py\", line 63, in deco\n    return f(*a, **kw)\n  File \"/usr/lib/spark/python/lib/py4j-0.10.4-src.zip/py4j/protocol.py\", line 319, in get_return_value\n    format(target_id, \".\", name), value)\nPy4JJavaError: An error occurred while calling z:org.apache.spark.api.python.PythonRDD.collectAndServe.\n: java.io.IOException: No FileSystem for scheme: https\n\tat org.apache.hadoop.fs.FileSystem.getFileSystemClass(FileSystem.java:2660)\n\tat org.apache.hadoop.fs.FileSystem.createFileSystem(FileSystem.java:2667)\n\tat org.apache.hadoop.fs.FileSystem.access$200(FileSystem.java:94)\n\tat org.apache.hadoop.fs.FileSystem$Cache.getInternal(FileSystem.java:2703)\n\tat org.apache.hadoop.fs.FileSystem$Cache.get(FileSystem.java:2685)\n\tat org.apache.hadoop.fs.FileSystem.get(FileSystem.java:373)\n\tat org.apache.hadoop.fs.Path.getFileSystem(Path.java:295)\n\tat org.apache.hadoop.mapred.FileInputFormat.singleThreadedListStatus(FileInputFormat.java:258)\n\tat org.apache.hadoop.mapred.FileInputFormat.listStatus(FileInputFormat.java:229)\n\tat org.apache.hadoop.mapred.FileInputFormat.getSplits(FileInputFormat.java:315)\n\tat org.apache.spark.rdd.HadoopRDD.getPartitions(HadoopRDD.scala:202)\n\tat org.apache.spark.rdd.RDD$$anonfun$partitions$2.apply(RDD.scala:252)\n\tat org.apache.spark.rdd.RDD$$anonfun$partitions$2.apply(RDD.scala:250)\n\tat scala.Option.getOrElse(Option.scala:121)\n\tat org.apache.spark.rdd.RDD.partitions(RDD.scala:250)\n\tat org.apache.spark.rdd.MapPartitionsRDD.getPartitions(MapPartitionsRDD.scala:35)\n\tat org.apache.spark.rdd.RDD$$anonfun$partitions$2.apply(RDD.scala:252)\n\tat org.apache.spark.rdd.RDD$$anonfun$partitions$2.apply(RDD.scala:250)\n\tat scala.Option.getOrElse(Option.scala:121)\n\tat org.apache.spark.rdd.RDD.partitions(RDD.scala:250)\n\tat org.apache.spark.api.python.PythonRDD.getPartitions(PythonRDD.scala:53)\n\tat org.apache.spark.rdd.RDD$$anonfun$partitions$2.apply(RDD.scala:252)\n\tat org.apache.spark.rdd.RDD$$anonfun$partitions$2.apply(RDD.scala:250)\n\tat scala.Option.getOrElse(Option.scala:121)\n\tat org.apache.spark.rdd.RDD.partitions(RDD.scala:250)\n\tat org.apache.spark.SparkContext.runJob(SparkContext.scala:1958)\n\tat org.apache.spark.rdd.RDD$$anonfun$collect$1.apply(RDD.scala:935)\n\tat org.apache.spark.rdd.RDDOperationScope$.withScope(RDDOperationScope.scala:151)\n\tat org.apache.spark.rdd.RDDOperationScope$.withScope(RDDOperationScope.scala:112)\n\tat org.apache.spark.rdd.RDD.withScope(RDD.scala:362)\n\tat org.apache.spark.rdd.RDD.collect(RDD.scala:934)\n\tat org.apache.spark.api.python.PythonRDD$.collectAndServe(PythonRDD.scala:453)\n\tat org.apache.spark.api.python.PythonRDD.collectAndServe(PythonRDD.scala)\n\tat sun.reflect.NativeMethodAccessorImpl.invoke0(Native Method)\n\tat sun.reflect.NativeMethodAccessorImpl.invoke(NativeMethodAccessorImpl.java:62)\n\tat sun.reflect.DelegatingMethodAccessorImpl.invoke(DelegatingMethodAccessorImpl.java:43)\n\tat java.lang.reflect.Method.invoke(Method.java:498)\n\tat py4j.reflection.MethodInvoker.invoke(MethodInvoker.java:244)\n\tat py4j.reflection.ReflectionEngine.invoke(ReflectionEngine.java:357)\n\tat py4j.Gateway.invoke(Gateway.java:280)\n\tat py4j.commands.AbstractCommand.invokeMethod(AbstractCommand.java:132)\n\tat py4j.commands.CallCommand.execute(CallCommand.java:79)\n\tat py4j.GatewayConnection.run(GatewayConnection.java:214)\n\tat java.lang.Thread.run(Thread.java:745)\n\n\n"}]},"apps":[],"jobName":"paragraph_1492935411283_585607358","id":"20170423-060007_642256882","dateCreated":"2017-04-23T01:16:51-0700","dateStarted":"2017-04-23T13:23:19-0700","dateFinished":"2017-04-23T13:23:19-0700","status":"ERROR","progressUpdateIntervalMs":500,"$$hashKey":"object:237"},{"text":"%pyspark\ndf = data.toDF()","user":"anonymous","dateUpdated":"2017-04-23T01:22:43-0700","config":{"colWidth":12,"editorMode":"ace/mode/python","results":{},"enabled":true,"editorSetting":{"language":"python","editOnDblClick":false}},"settings":{"params":{},"forms":{}},"results":{"code":"SUCCESS","msg":[]},"apps":[],"jobName":"paragraph_1492935411300_565215666","id":"20170423-060132_205489433","dateCreated":"2017-04-23T01:16:51-0700","dateStarted":"2017-04-23T01:22:43-0700","dateFinished":"2017-04-23T01:22:44-0700","status":"FINISHED","progressUpdateIntervalMs":500,"$$hashKey":"object:238"},{"text":"%pyspark\ndf.printSchema()","user":"anonymous","dateUpdated":"2017-04-23T01:22:51-0700","config":{"colWidth":12,"editorMode":"ace/mode/python","results":{},"enabled":true,"editorSetting":{"language":"python","editOnDblClick":false}},"settings":{"params":{},"forms":{}},"results":{"code":"SUCCESS","msg":[{"type":"TEXT","data":"root\n |-- _1: string (nullable = true)\n |-- _2: string (nullable = true)\n |-- _3: string (nullable = true)\n |-- _4: string (nullable = true)\n |-- _5: string (nullable = true)\n |-- _6: string (nullable = true)\n |-- _7: string (nullable = true)\n |-- _8: string (nullable = true)\n |-- _9: string (nullable = true)\n |-- _10: string (nullable = true)\n |-- _11: string (nullable = true)\n |-- _12: string (nullable = true)\n |-- _13: string (nullable = true)\n |-- _14: string (nullable = true)\n |-- _15: string (nullable = true)\n |-- _16: string (nullable = true)\n |-- _17: string (nullable = true)\n |-- _18: string (nullable = true)\n |-- _19: string (nullable = true)\n |-- _20: string (nullable = true)\n |-- _21: string (nullable = true)\n |-- _22: string (nullable = true)\n |-- _23: string (nullable = true)\n |-- _24: string (nullable = true)\n |-- _25: string (nullable = true)\n |-- _26: string (nullable = true)\n |-- _27: string (nullable = true)\n |-- _28: string (nullable = true)\n |-- _29: string (nullable = true)\n |-- _30: string (nullable = true)\n |-- _31: string (nullable = true)\n\n"}]},"apps":[],"jobName":"paragraph_1492935411301_564830918","id":"20170423-060400_284199338","dateCreated":"2017-04-23T01:16:51-0700","dateStarted":"2017-04-23T01:22:51-0700","dateFinished":"2017-04-23T01:22:52-0700","status":"FINISHED","progressUpdateIntervalMs":500,"$$hashKey":"object:239"},{"text":"%pyspark\ndata = df.selectExpr('_1 as label', '_2 as radius_mean', \n\t'_3 as texture_mean', '_4 as perimeter_mean', \n\t'_5 as area_mean', '_6 as smoothness_mean', \n\t'_7 as compactness_mean', '_8 as concavity_mean', \n\t'_9 as concave_points_mean', '_10 as symmetry_mean', \n\t'_11 as fractal_dimension_mean', '_12 as radius_se', \n\t'_13 as texture_se', '_14 as perimeter_se', \n\t'_15 as area_se', '_16 as smoothness_se', \n\t'_17 as compactness_se', '_18 as concavity_se', \n\t'_19 as concave_points_se', '_20 as symmetry_se', \n\t'_21 as fractal_dimension_se', '_22 as radius_worst', \n\t'_23 as texture_worst', '_24 as perimeter_worst', \n\t'_25 as area_worst', '_26 as smoothness_worst', \n\t'_27 as compactness_worst', '_28 as concavity_worst', \n\t'_29 as concave_points_worst', '_30 as symmetry_worst', \n\t'_31 as fractal_dimension_worst')\n\t\ndata.registerTempTable(\"data\")","user":"anonymous","dateUpdated":"2017-04-23T01:24:18-0700","config":{"colWidth":12,"editorMode":"ace/mode/python","results":{},"enabled":true,"editorSetting":{"language":"python","editOnDblClick":false}},"settings":{"params":{},"forms":{}},"results":{"code":"SUCCESS","msg":[]},"apps":[],"jobName":"paragraph_1492935411302_565985164","id":"20170423-060413_1633001850","dateCreated":"2017-04-23T01:16:51-0700","dateStarted":"2017-04-23T01:24:18-0700","dateFinished":"2017-04-23T01:24:19-0700","status":"FINISHED","progressUpdateIntervalMs":500,"$$hashKey":"object:240"},{"text":"%sql\nSELECT concave_points_worst, count(*) from data group by concave_points_worst   ","user":"anonymous","dateUpdated":"2017-04-23T01:30:16-0700","config":{"colWidth":12,"enabled":true,"results":{"0":{"graph":{"mode":"scatterChart","height":300,"optionOpen":false,"setting":{"multiBarChart":{"stacked":false}},"commonSetting":{},"keys":[{"name":"compactness_se","index":0,"aggr":"sum"}],"groups":[],"values":[{"name":"fractal_dimension_mean","index":1,"aggr":"sum"}]},"helium":{}}},"editorSetting":{"language":"sql","editOnDblClick":false},"editorMode":"ace/mode/sql"},"settings":{"params":{},"forms":{}},"results":{"code":"SUCCESS","msg":[{"type":"TABLE","data":"concave_points_worst\tcount(1)\n0.2688\t1\n0.1974\t1\n0.151\t1\n0.2088\t1\n0.1357\t2\n0.1112\t1\n0.06499\t1\n0.08178\t1\n0.2393\t1\n0.09993\t1\n0.04866\t1\n0.2508\t1\n0.1541\t1\n0.1226\t1\n0.06189\t1\n0.05356\t1\n0.1447\t1\n0.2903\t1\n0.1021\t1\n0.09514\t1\n0.04464\t1\n0.06876\t1\n0.2148\t1\n0.1999\t1\n0.1776\t1\n0.05052\t1\n0.08288\t1\n0.08333\t1\n0.09186\t1\n0.153\t1\n0.02564\t3\n0.2102\t1\n0.009259\t1\n0.06544\t1\n0.1205\t2\n0.2462\t1\n0.1674\t1\n0.0812\t2\n0.1492\t1\n0.2034\t1\n0.08312\t1\n0.107\t1\n0.1474\t1\n0.04773\t1\n0.1015\t2\n0.05366\t1\n0.2575\t1\n0.1565\t1\n0.2593\t1\n0.1362\t1\n0.0829\t1\n0.1048\t1\n0.06575\t1\n0.05601\t1\n0.09123\t1\n0.2208\t1\n0.06413\t1\n0.1418\t1\n0.1258\t1\n0.1218\t3\n0.1599\t1\n0.0497\t1\n0.1515\t1\n0.1561\t1\n0.1825\t1\n0.1225\t1\n0.1329\t1\n0.01042\t1\n0.192\t1\n0.05159\t1\n0.09861\t1\n0.2066\t1\n0.2432\t1\n0.06222\t1\n0.1708\t3\n0.08485\t1\n0.09314\t1\n0.1765\t1\n0.06961\t1\n0.1573\t1\n0\t13\n0.2356\t1\n0.07879\t1\n0.09678\t1\n0.03002\t1\n0.1526\t1\n0.05781\t1\n0.1775\t1\n0.02778\t1\n0.04815\t2\n0.0866\t1\n0.105\t1\n0.05093\t1\n0.06835\t1\n0.06913\t1\n0.1282\t1\n0.09181\t1\n0.08829\t1\n0.0753\t1\n0.112\t1\n0.1628\t1\n0.09173\t1\n0.1108\t1\n0.2013\t1\n0.09222\t1\n0.03125\t1\n0.02784\t1\n0.03571\t1\n0.1659\t1\n0.1181\t1\n0.175\t1\n0.1642\t1\n0.03846\t2\n0.2009\t1\n0.1105\t3\n0.1087\t1\n0.03922\t1\n0.197\t1\n0.265\t1\n0.06227\t1\n0.1312\t1\n0.05556\t3\n0.1932\t1\n0.0991\t1\n0.05602\t1\n0.09851\t1\n0.05104\t1\n0.1977\t1\n0.1535\t1\n0.1789\t1\n0.1841\t2\n0.07966\t1\n0.1155\t2\n0.1964\t1\n0.1607\t1\n0.1425\t1\n0.04074\t1\n0.1045\t1\n0.2095\t1\n0.2247\t1\n0.09608\t1\n0.06754\t1\n0.06127\t1\n0.086\t1\n0.1407\t2\n0.1147\t1\n0.1813\t1\n0.08611\t1\n0.1667\t1\n0.06608\t1\n0.228\t1\n0.1476\t1\n0.1035\t1\n0.1335\t1\n0.08542\t1\n0.08278\t1\n0.07971\t1\n0.2089\t1\n0.1466\t1\n0.04195\t1\n0.02579\t2\n0.05754\t1\n0.1216\t1\n0.08978\t1\n0.06019\t1\n0.08272\t1\n0.1609\t1\n0.1777\t1\n0.2507\t1\n0.1712\t1\n0.03715\t1\n0.1479\t1\n0.04052\t1\n0.1556\t1\n0.2035\t1\n0.1563\t1\n0.08088\t1\n0.04537\t1\n0.1864\t1\n0.06517\t1\n0.07632\t1\n0.07025\t1\n0.06402\t1\n0.1583\t1\n0.1414\t1\n0.08704\t1\n0.2258\t1\n0.1654\t1\n0.05185\t1\n0.1092\t1\n0.08296\t1\n0.05575\t1\n0.2756\t1\n0.05802\t1\n0.06548\t2\n0.09391\t1\n0.05813\t1\n0.2542\t1\n0.1827\t3\n0.08219\t1\n0.05741\t1\n0.2475\t2\n0.1095\t1\n0.1555\t2\n0.03264\t1\n0.0399\t1\n0.08187\t1\n0.06042\t1\n0.06266\t1\n0.08263\t1\n0.1456\t1\n0.1847\t1\n0.1614\t1\n0.07625\t1\n0.02832\t2\n0.08308\t1\n0.05087\t1\n0.1251\t2\n0.2135\t1\n0.06987\t2\n0.2422\t1\n0.07485\t1\n0.05547\t1\n0.08512\t1\n0.108\t1\n0.03203\t1\n0.1252\t1\n0.1981\t1\n0.08235\t2\n0.1739\t1\n0.07174\t1\n0.025\t2\n0.09077\t1\n0.08476\t1\n0.03312\t1\n0.03413\t1\n0.01635\t1\n0.07453\t1\n0.06918\t1\n0.08958\t1\n0.06528\t2\n0.0268\t1\n0.1741\t1\n0.08405\t1\n0.06203\t1\n0.1047\t1\n0.05\t1\n0.2388\t1\n0.07911\t2\n0.01389\t1\n0.1514\t1\n0.1069\t1\n0.07887\t1\n0.05013\t1\n0.07958\t1\n0.2216\t1\n0.08586\t1\n0.1012\t1\n0.07763\t1\n0.05334\t1\n0.2252\t1\n0.09815\t1\n0.1872\t1\n0.02222\t1\n0.0815\t1\n0.2163\t1\n0.09127\t1\n0.06968\t1\n0.1716\t1\n0.152\t1\n0.291\t1\n0.09331\t1\n0.01667\t1\n0.1834\t1\n0.0716\t1\n0.04786\t1\n0.0221\t1\n0.09532\t1\n0.06384\t1\n0.2733\t1\n0.1099\t2\n0.04766\t1\n0.1613\t2\n0.1528\t1\n0.1136\t1\n0.1923\t1\n0.2685\t1\n0.0377\t1\n0.01111\t2\n0.1018\t1\n0.1119\t1\n0.1221\t1\n0.06343\t1\n0.1767\t1\n0.2073\t1\n0.2493\t1\n0.1325\t1\n0.0578\t1\n0.09744\t1\n0.2173\t1\n0.1284\t1\n0.101\t1\n0.0585\t1\n0.1054\t1\n0.09653\t1\n0.2524\t1\n0.08388\t1\n0.1505\t1\n0.03953\t1\n0.1339\t1\n0.1318\t1\n0.04044\t1\n0.1202\t1\n0.0656\t1\n0.1465\t1\n0.06696\t1\n0.0569\t1\n0.07909\t1\n0.1546\t1\n0.02022\t1\n0.2867\t1\n0.1865\t1\n0.1673\t1\n0.02083\t1\n0.1075\t2\n0.04762\t1\n0.04603\t1\n0.1857\t1\n0.1424\t1\n0.08436\t1\n0.0931\t1\n0.149\t1\n0.01852\t1\n0.1625\t2\n0.181\t1\n0.05509\t1\n0.03532\t1\n0.1521\t1\n0.2701\t1\n0.1096\t2\n0.09804\t1\n0.1056\t2\n0.255\t1\n0.1001\t1\n0.116\t1\n0.1838\t1\n0.08056\t1\n0.03983\t1\n0.2121\t1\n0.05563\t1\n0.2113\t1\n0.08216\t1\n0.2264\t1\n0.186\t1\n0.1452\t1\n0.1966\t1\n0.1129\t1\n0.1053\t1\n0.221\t1\n0.2014\t1\n0.1697\t1\n0.08411\t2\n0.08737\t1\n0.2248\t2\n0.06664\t1\n0.2543\t1\n0.06136\t2\n0.08224\t1\n0.2378\t1\n0.1397\t1\n0.1025\t1\n0.05882\t2\n0.05614\t1\n0.05588\t1\n0.206\t2\n0.08194\t1\n0.08442\t1\n0.1379\t2\n0.04793\t1\n0.1342\t1\n0.07222\t1\n0.07116\t1\n0.1383\t1\n0.07926\t2\n0.07247\t1\n0.1772\t2\n0.09975\t1\n0.1848\t1\n0.1374\t2\n0.243\t1\n0.07283\t1\n0.2105\t1\n0.08946\t1\n0.08698\t1\n0.1184\t1\n0.1564\t1\n0.1294\t1\n0.07955\t1\n0.1941\t1\n0.2229\t1\n0.03194\t1\n0.1899\t1\n0.08568\t1\n0.02381\t2\n0.0914\t2\n0.0589\t2\n0.02796\t1\n0.09594\t1\n0.1996\t1\n0.02232\t1\n0.06316\t1\n0.1459\t1\n0.09858\t1\n0.06493\t1\n0.07431\t3\n0.1986\t1\n0.07963\t1\n0.1956\t1\n0.0875\t2\n0.09783\t1\n0.008772\t1\n0.2115\t1\n0.07393\t1\n0.07407\t1\n0.2027\t1\n0.04419\t1\n0.2346\t1\n0.1721\t1\n0.1427\t1\n0.1785\t2\n0.04262\t1\n0.06005\t1\n0.06296\t3\n0.1445\t1\n0.2048\t1\n0.1939\t1\n0.118\t1\n0.03612\t1\n0.2024\t1\n0.1185\t1\n0.05506\t1\n0.1308\t2\n0.07828\t1\n0.03333\t1\n0.1423\t1\n0.1984\t1\n0.07864\t1\n0.1416\t1\n0.06106\t1\n0.1359\t1\n0.1453\t1\n0.2091\t1\n0.02899\t1\n0.1571\t2\n0.04589\t1\n0.09265\t1\n0.08341\t1\n0.06946\t1\n0.182\t2\n0.04306\t3\n0.05921\t1\n0.2625\t1\n0.2654\t1\n0.08211\t1\n0.1595\t1\n0.09749\t1\n0.06845\t1\n0.1126\t1\n0.07262\t1\n0.1727\t1\n0.04715\t1\n0.1288\t1\n0.198\t1\n0.2112\t1\n0.08045\t1\n0.1732\t2\n0.1145\t1\n0.09722\t1\n0.0909\t1\n0.2051\t1\n0.2134\t1\n0.1138\t1\n0.1663\t1\n0.06498\t1\n0.06736\t1\n0.2152\t1\n0.08449\t1\n0.1489\t2\n0.2255\t1\n0.0737\t1\n0.1017\t2\n0.06335\t1\n"}]},"apps":[],"jobName":"paragraph_1492935785861_1135117444","id":"20170423-012305_1726819658","dateCreated":"2017-04-23T01:23:05-0700","dateStarted":"2017-04-23T01:30:06-0700","dateFinished":"2017-04-23T01:30:09-0700","status":"FINISHED","progressUpdateIntervalMs":500,"$$hashKey":"object:241"},{"text":"%pyspark\ndata.select('area_worst').show()","dateUpdated":"2017-04-23T01:16:51-0700","config":{"colWidth":12,"editorMode":"ace/mode/python","results":{},"enabled":true,"editorSetting":{"language":"python","editOnDblClick":false}},"settings":{"params":{},"forms":{}},"results":{"code":"SUCCESS","msg":[{"type":"TEXT","data":"+----------+\n|area_worst|\n+----------+\n|      2019|\n|      1956|\n|      1709|\n|     567.7|\n|      1575|\n|     741.6|\n|      1606|\n|       897|\n|     739.3|\n|     711.4|\n|      1150|\n|      1299|\n|      1332|\n|     876.5|\n|     697.7|\n|     943.2|\n|      1138|\n|      1315|\n|      2398|\n|     711.2|\n+----------+\nonly showing top 20 rows\n\n"}]},"apps":[],"jobName":"paragraph_1492935411303_565600415","id":"20170423-060628_2087116257","dateCreated":"2017-04-23T01:16:51-0700","status":"READY","errorMessage":"","progressUpdateIntervalMs":500,"$$hashKey":"object:242"},{"text":"%pyspark\nnewData = data.select([col(c).cast('float') if c != 'label' else col(c).cast('int') for c in data.columns ])","dateUpdated":"2017-04-23T01:16:51-0700","config":{"colWidth":12,"editorMode":"ace/mode/python","results":{},"enabled":true,"editorSetting":{"language":"python","editOnDblClick":false}},"settings":{"params":{},"forms":{}},"results":{"code":"SUCCESS","msg":[]},"apps":[],"jobName":"paragraph_1492935411304_563676671","id":"20170423-060642_2014350977","dateCreated":"2017-04-23T01:16:51-0700","status":"READY","errorMessage":"","progressUpdateIntervalMs":500,"$$hashKey":"object:243"},{"text":"%pyspark\nnewData.printSchema()","dateUpdated":"2017-04-23T01:16:51-0700","config":{"colWidth":12,"editorMode":"ace/mode/python","results":{},"enabled":true,"editorSetting":{"language":"python","editOnDblClick":false}},"settings":{"params":{},"forms":{}},"results":{"code":"SUCCESS","msg":[{"type":"TEXT","data":"root\n |-- label: integer (nullable = true)\n |-- radius_mean: float (nullable = true)\n |-- texture_mean: float (nullable = true)\n |-- perimeter_mean: float (nullable = true)\n |-- area_mean: float (nullable = true)\n |-- smoothness_mean: float (nullable = true)\n |-- compactness_mean: float (nullable = true)\n |-- concavity_mean: float (nullable = true)\n |-- concave_points_mean: float (nullable = true)\n |-- symmetry_mean: float (nullable = true)\n |-- fractal_dimension_mean: float (nullable = true)\n |-- radius_se: float (nullable = true)\n |-- texture_se: float (nullable = true)\n |-- perimeter_se: float (nullable = true)\n |-- area_se: float (nullable = true)\n |-- smoothness_se: float (nullable = true)\n |-- compactness_se: float (nullable = true)\n |-- concavity_se: float (nullable = true)\n |-- concave_points_se: float (nullable = true)\n |-- symmetry_se: float (nullable = true)\n |-- fractal_dimension_se: float (nullable = true)\n |-- radius_worst: float (nullable = true)\n |-- texture_worst: float (nullable = true)\n |-- perimeter_worst: float (nullable = true)\n |-- area_worst: float (nullable = true)\n |-- smoothness_worst: float (nullable = true)\n |-- compactness_worst: float (nullable = true)\n |-- concavity_worst: float (nullable = true)\n |-- concave_points_worst: float (nullable = true)\n |-- symmetry_worst: float (nullable = true)\n |-- fractal_dimension_worst: float (nullable = true)\n\n"}]},"apps":[],"jobName":"paragraph_1492935411305_563291922","id":"20170423-060806_859673761","dateCreated":"2017-04-23T01:16:51-0700","status":"READY","errorMessage":"","progressUpdateIntervalMs":500,"$$hashKey":"object:244"},{"text":"%pyspark\nmylist = []\nmylist2 = []\nfor i in range(0, 31):\n    if (i % 2 != 0):\n    \tmylist.append(newData.columns[i])\n    else:\n    \tmylist2.append(newData.columns[i])","dateUpdated":"2017-04-23T01:16:51-0700","config":{"colWidth":12,"editorMode":"ace/mode/python","results":{},"enabled":true,"editorSetting":{"language":"python","editOnDblClick":false}},"settings":{"params":{},"forms":{}},"results":{"code":"SUCCESS","msg":[]},"apps":[],"jobName":"paragraph_1492935411306_564446169","id":"20170423-060815_2125440954","dateCreated":"2017-04-23T01:16:51-0700","status":"READY","errorMessage":"","progressUpdateIntervalMs":500,"$$hashKey":"object:245"},{"text":"%pyspark\nfor i in range(0, 15): \t\n\tnewData.describe(mylist[i], mylist2[i]).show()","dateUpdated":"2017-04-23T01:16:51-0700","config":{"colWidth":12,"editorMode":"ace/mode/python","results":{},"enabled":true,"editorSetting":{"language":"python","editOnDblClick":false}},"settings":{"params":{},"forms":{}},"results":{"code":"SUCCESS","msg":[{"type":"TEXT","data":"+-------+------------------+-------------------+\n|summary|       radius_mean|              label|\n+-------+------------------+-------------------+\n|  count|               569|                569|\n|   mean|14.127291743072348|0.37258347978910367|\n| stddev|3.5240488129671963|0.48391795640316865|\n|    min|             6.981|                  0|\n|    max|             28.11|                  1|\n+-------+------------------+-------------------+\n\n+-------+------------------+------------------+\n|summary|    perimeter_mean|      texture_mean|\n+-------+------------------+------------------+\n|  count|               569|               569|\n|   mean| 91.96903329993384|19.289648528677297|\n| stddev|24.298980946187065| 4.301035792275386|\n|    min|             43.79|              9.71|\n|    max|             188.5|             39.28|\n+-------+------------------+------------------+\n\n+-------+--------------------+------------------+\n|summary|     smoothness_mean|         area_mean|\n+-------+--------------------+------------------+\n|  count|                 569|               569|\n|   mean| 0.09636028129312821|  654.889103814043|\n| stddev|0.014064128011679857|351.91412886139733|\n|    min|             0.05263|             143.5|\n|    max|              0.1634|            2501.0|\n+-------+--------------------+------------------+\n\n+-------+-------------------+-------------------+\n|summary|     concavity_mean|   compactness_mean|\n+-------+-------------------+-------------------+\n|  count|                569|                569|\n|   mean|0.08879931578830029|0.10434098429781481|\n| stddev|0.07971980885275735|0.05281275807458228|\n|    min|                0.0|            0.01938|\n|    max|             0.4268|             0.3454|\n+-------+-------------------+-------------------+\n\n+-------+-------------------+-------------------+\n|summary|      symmetry_mean|concave_points_mean|\n+-------+-------------------+-------------------+\n|  count|                569|                569|\n|   mean|0.18116186307792295|0.04891914597230428|\n| stddev|0.02741428169736473|0.03880284499915188|\n|    min|              0.106|                0.0|\n|    max|              0.304|             0.2012|\n+-------+-------------------+-------------------+\n\n+-------+-------------------+----------------------+\n|summary|          radius_se|fractal_dimension_mean|\n+-------+-------------------+----------------------+\n|  count|                569|                   569|\n|   mean|0.40517205624515434|   0.06279760972974799|\n| stddev|0.27731273103393916|   0.00706036285946223|\n|    min|             0.1115|               0.04996|\n|    max|              2.873|               0.09744|\n+-------+-------------------+----------------------+\n\n+-------+------------------+------------------+\n|summary|      perimeter_se|        texture_se|\n+-------+------------------+------------------+\n|  count|               569|               569|\n|   mean|2.8660592201095474|1.2168534254566856|\n| stddev| 2.021854536795029|0.5516483938812107|\n|    min|             0.757|            0.3602|\n|    max|             21.98|             4.885|\n+-------+------------------+------------------+\n\n+-------+--------------------+-----------------+\n|summary|       smoothness_se|          area_se|\n+-------+--------------------+-----------------+\n|  count|                 569|              569|\n|   mean|0.007040978908565007|40.33707911519887|\n| stddev|0.003002517919151...|45.49100533347044|\n|    min|            0.001713|            6.802|\n|    max|             0.03113|            542.2|\n+-------+--------------------+-----------------+\n\n+-------+-------------------+--------------------+\n|summary|       concavity_se|      compactness_se|\n+-------+-------------------+--------------------+\n|  count|                569|                 569|\n|   mean|0.03189371635352535|0.025478138811378913|\n| stddev| 0.0301860601467103| 0.01790817919899339|\n|    min|                0.0|            0.002252|\n|    max|              0.396|              0.1354|\n+-------+-------------------+--------------------+\n\n+-------+--------------------+--------------------+\n|summary|         symmetry_se|   concave_points_se|\n+-------+--------------------+--------------------+\n|  count|                 569|                 569|\n|   mean|0.020542298759512197|0.011796137079660353|\n| stddev|0.008266371517617574|0.006170285165756808|\n|    min|            0.007882|                 0.0|\n|    max|             0.07895|             0.05279|\n+-------+--------------------+--------------------+\n\n+-------+------------------+--------------------+\n|summary|      radius_worst|fractal_dimension_se|\n+-------+------------------+--------------------+\n|  count|               569|                 569|\n|   mean|16.269189776770887|0.003794903873493...|\n| stddev| 4.833241591272437|0.002646070973950...|\n|    min|              7.93|            8.948E-4|\n|    max|             36.04|             0.02984|\n+-------+------------------+--------------------+\n\n+-------+------------------+-----------------+\n|summary|   perimeter_worst|    texture_worst|\n+-------+------------------+-----------------+\n|  count|               569|              569|\n|   mean|107.26121279644421|25.67722316534113|\n| stddev| 33.60254226450891|6.146257611231103|\n|    min|             50.41|            12.02|\n|    max|             251.2|            49.54|\n+-------+------------------+-----------------+\n\n+-------+-------------------+-----------------+\n|summary|   smoothness_worst|       area_worst|\n+-------+-------------------+-----------------+\n|  count|                569|              569|\n|   mean|0.13236859435565862|880.5831290514901|\n| stddev|0.02283242955918711|569.3569923849645|\n|    min|            0.07117|            185.2|\n|    max|             0.2226|           4254.0|\n+-------+-------------------+-----------------+\n\n+-------+-------------------+-------------------+\n|summary|    concavity_worst|  compactness_worst|\n+-------+-------------------+-------------------+\n|  count|                569|                569|\n|   mean| 0.2721884833807977|0.25426504394016597|\n| stddev|0.20862428007810732|0.15733648854662943|\n|    min|                0.0|            0.02729|\n|    max|              1.252|              1.058|\n+-------+-------------------+-------------------+\n\n+-------+--------------------+--------------------+\n|summary|      symmetry_worst|concave_points_worst|\n+-------+--------------------+--------------------+\n|  count|                 569|                 569|\n|   mean|  0.2900755708948799| 0.11460622294146325|\n| stddev|0.061867468184841665| 0.06573234105890068|\n|    min|              0.1565|                 0.0|\n|    max|              0.6638|               0.291|\n+-------+--------------------+--------------------+\n\n"}]},"apps":[],"jobName":"paragraph_1492935411307_564061420","id":"20170423-060912_430726443","dateCreated":"2017-04-23T01:16:51-0700","status":"READY","errorMessage":"","progressUpdateIntervalMs":500,"$$hashKey":"object:246"},{"text":"%pyspark\nfeatureIndexer = VectorAssembler(\n\tinputCols = [x for x in newData.columns if x != 'label'],\n\toutputCol = 'features')","dateUpdated":"2017-04-23T01:16:51-0700","config":{"colWidth":12,"editorMode":"ace/mode/python","results":{},"enabled":true,"editorSetting":{"language":"python","editOnDblClick":false}},"settings":{"params":{},"forms":{}},"results":{"code":"SUCCESS","msg":[]},"apps":[],"jobName":"paragraph_1492935411309_561752926","id":"20170423-060931_567115405","dateCreated":"2017-04-23T01:16:51-0700","status":"READY","errorMessage":"","progressUpdateIntervalMs":500,"$$hashKey":"object:247"},{"text":"%pyspark\ndf = featureIndexer.transform(newData)","dateUpdated":"2017-04-23T01:16:51-0700","config":{"colWidth":12,"editorMode":"ace/mode/python","results":{},"enabled":true,"editorSetting":{"language":"python","editOnDblClick":false}},"settings":{"params":{},"forms":{}},"results":{"code":"SUCCESS","msg":[]},"apps":[],"jobName":"paragraph_1492935411310_562907173","id":"20170423-061113_215972431","dateCreated":"2017-04-23T01:16:51-0700","status":"READY","errorMessage":"","progressUpdateIntervalMs":500,"$$hashKey":"object:248"},{"text":"%pyspark\ndf.select(df['features']).show(50)","dateUpdated":"2017-04-23T01:16:51-0700","config":{"colWidth":12,"editorMode":"ace/mode/python","results":{},"enabled":true,"editorSetting":{"language":"python","editOnDblClick":false}},"settings":{"params":{},"forms":{}},"results":{"code":"SUCCESS","msg":[{"type":"TEXT","data":"+--------------------+\n|            features|\n+--------------------+\n|[17.9899997711181...|\n|[20.5699996948242...|\n|[19.6900005340576...|\n|[11.4200000762939...|\n|[20.2900009155273...|\n|[12.4499998092651...|\n|[18.25,19.9799995...|\n|[13.7100000381469...|\n|[13.0,21.81999969...|\n|[12.4600000381469...|\n|[16.0200004577636...|\n|[15.7799997329711...|\n|[19.1700000762939...|\n|[15.8500003814697...|\n|[13.7299995422363...|\n|[14.5399999618530...|\n|[14.6800003051757...|\n|[16.1299991607666...|\n|[19.8099994659423...|\n|[13.5399999618530...|\n|[13.0799999237060...|\n|[9.50399971008300...|\n|[15.3400001525878...|\n|[21.1599998474121...|\n|[16.6499996185302...|\n|[17.1399993896484...|\n|[14.5799999237060...|\n|[18.6100006103515...|\n|[15.3000001907348...|\n|[17.5699996948242...|\n|[18.6299991607666...|\n|[11.8400001525878...|\n|[17.0200004577636...|\n|[19.2700004577636...|\n|[16.1299991607666...|\n|[16.7399997711181...|\n|[14.25,21.7199993...|\n|[13.0299997329711...|\n|[14.9899997711181...|\n|[13.4799995422363...|\n|[13.4399995803833...|\n|[10.9499998092651...|\n|[19.0699996948242...|\n|[13.2799997329711...|\n|[13.1700000762939...|\n|[18.6499996185302...|\n|[8.19600009918212...|\n|[13.1700000762939...|\n|[12.0500001907348...|\n|[13.4899997711181...|\n+--------------------+\nonly showing top 50 rows\n\n"}]},"apps":[],"jobName":"paragraph_1492935411311_562522424","id":"20170423-061125_1153980412","dateCreated":"2017-04-23T01:16:51-0700","status":"READY","errorMessage":"","progressUpdateIntervalMs":500,"$$hashKey":"object:249"},{"text":"%pyspark\ndf.select(df['label']).show()","dateUpdated":"2017-04-23T01:16:51-0700","config":{"colWidth":12,"editorMode":"ace/mode/python","results":{},"enabled":true,"editorSetting":{"language":"python","editOnDblClick":false}},"settings":{"params":{},"forms":{}},"results":{"code":"SUCCESS","msg":[{"type":"TEXT","data":"+-----+\n|label|\n+-----+\n|    1|\n|    1|\n|    1|\n|    1|\n|    1|\n|    1|\n|    1|\n|    1|\n|    1|\n|    1|\n|    1|\n|    1|\n|    1|\n|    1|\n|    1|\n|    1|\n|    1|\n|    1|\n|    1|\n|    0|\n+-----+\nonly showing top 20 rows\n\n"}]},"apps":[],"jobName":"paragraph_1492935411311_562522424","id":"20170423-061137_482776558","dateCreated":"2017-04-23T01:16:51-0700","status":"READY","errorMessage":"","progressUpdateIntervalMs":500,"$$hashKey":"object:250"},{"text":"%pyspark\n(trainingSet, testSet) = df.randomSplit([0.7, 0.3])","dateUpdated":"2017-04-23T01:16:51-0700","config":{"colWidth":12,"editorMode":"ace/mode/python","results":{},"enabled":true,"editorSetting":{"language":"python","editOnDblClick":false}},"settings":{"params":{},"forms":{}},"results":{"code":"SUCCESS","msg":[]},"apps":[],"jobName":"paragraph_1492935411312_572910644","id":"20170423-061217_1543778442","dateCreated":"2017-04-23T01:16:51-0700","status":"READY","errorMessage":"","progressUpdateIntervalMs":500,"$$hashKey":"object:251"},{"text":"%pyspark\ndt = DecisionTreeClassifier(labelCol=\"label\",\n\tfeaturesCol = \"features\",\n\tseed=42)","dateUpdated":"2017-04-23T01:16:51-0700","config":{"colWidth":12,"editorMode":"ace/mode/python","results":{},"enabled":true,"editorSetting":{"language":"python","editOnDblClick":false}},"settings":{"params":{},"forms":{}},"results":{"code":"SUCCESS","msg":[]},"apps":[],"jobName":"paragraph_1492935411313_572525896","id":"20170423-061232_579938062","dateCreated":"2017-04-23T01:16:51-0700","status":"READY","errorMessage":"","progressUpdateIntervalMs":500,"$$hashKey":"object:252"},{"text":"%pyspark\nmodel_dt = dt.fit(trainingSet)","dateUpdated":"2017-04-23T01:16:51-0700","config":{"colWidth":12,"editorMode":"ace/mode/python","results":{},"enabled":true,"editorSetting":{"language":"python","editOnDblClick":false}},"settings":{"params":{},"forms":{}},"results":{"code":"SUCCESS","msg":[]},"apps":[],"jobName":"paragraph_1492935411314_573680142","id":"20170423-061345_1810525098","dateCreated":"2017-04-23T01:16:51-0700","status":"READY","errorMessage":"","progressUpdateIntervalMs":500,"$$hashKey":"object:253"},{"text":"%pyspark\npredictions_dt = model_dt.transform(testSet)","dateUpdated":"2017-04-23T01:16:51-0700","config":{"colWidth":12,"editorMode":"ace/mode/python","results":{},"enabled":true,"editorSetting":{"language":"python","editOnDblClick":false}},"settings":{"params":{},"forms":{}},"results":{"code":"SUCCESS","msg":[]},"apps":[],"jobName":"paragraph_1492935411314_573680142","id":"20170423-061355_440006592","dateCreated":"2017-04-23T01:16:51-0700","status":"READY","errorMessage":"","progressUpdateIntervalMs":500,"$$hashKey":"object:254"},{"text":"%pyspark\npredictions_dt.select(\"prediction\", \n\t\"label\", \n\t\"features\").show(50)","dateUpdated":"2017-04-23T01:16:51-0700","config":{"colWidth":12,"editorMode":"ace/mode/python","results":{},"enabled":true,"editorSetting":{"language":"python","editOnDblClick":false}},"settings":{"params":{},"forms":{}},"results":{"code":"SUCCESS","msg":[{"type":"TEXT","data":"+----------+-----+--------------------+\n|prediction|label|            features|\n+----------+-----+--------------------+\n|       0.0|    0|[8.21899986267089...|\n|       0.0|    0|[8.67099952697753...|\n|       0.0|    0|[8.72599983215332...|\n|       0.0|    0|[9.56700038909912...|\n|       0.0|    0|[9.87600040435791...|\n|       0.0|    0|[10.0799999237060...|\n|       0.0|    0|[11.2899999618530...|\n|       0.0|    0|[11.3400001525878...|\n|       0.0|    0|[11.4099998474121...|\n|       0.0|    0|[11.4099998474121...|\n|       0.0|    0|[11.4300003051757...|\n|       0.0|    0|[11.4300003051757...|\n|       0.0|    0|[11.5200004577636...|\n|       0.0|    0|[11.6400003433227...|\n|       0.0|    0|[11.7100000381469...|\n|       0.0|    0|[11.8400001525878...|\n|       0.0|    0|[11.8900003433227...|\n|       0.0|    0|[12.2299995422363...|\n|       0.0|    0|[12.6300001144409...|\n|       0.0|    0|[12.8100004196167...|\n|       0.0|    0|[12.8699998855590...|\n|       0.0|    0|[13.2700004577636...|\n|       0.0|    0|[13.5399999618530...|\n|       0.0|    0|[13.5900001525878...|\n|       0.0|    0|[13.6499996185302...|\n|       0.0|    0|[13.7399997711181...|\n|       0.0|    0|[13.8500003814697...|\n|       0.0|    0|[14.2899999618530...|\n|       0.0|    0|[14.6400003433227...|\n|       1.0|    0|[16.8400001525878...|\n|       0.0|    1|[10.9499998092651...|\n|       1.0|    1|[12.4600000381469...|\n|       1.0|    1|[13.1700000762939...|\n|       0.0|    1|[13.4399995803833...|\n|       1.0|    1|[13.6099996566772...|\n|       1.0|    1|[13.6099996566772...|\n|       0.0|    1|[13.8000001907348...|\n|       0.0|    1|[13.9600000381469...|\n|       0.0|    1|[14.25,21.7199993...|\n|       1.0|    1|[14.25,22.1499996...|\n|       0.0|    1|[14.4799995422363...|\n|       1.0|    1|[14.6800003051757...|\n|       1.0|    1|[14.7100000381469...|\n|       1.0|    1|[15.0600004196167...|\n|       1.0|    1|[15.1000003814697...|\n|       1.0|    1|[15.3199996948242...|\n|       0.0|    1|[15.3400001525878...|\n|       0.0|    1|[15.4600000381469...|\n|       1.0|    1|[15.5299997329711...|\n|       1.0|    1|[15.75,20.25,102....|\n+----------+-----+--------------------+\nonly showing top 50 rows\n\n"}]},"apps":[],"jobName":"paragraph_1492935411315_573295393","id":"20170423-061413_479505104","dateCreated":"2017-04-23T01:16:51-0700","status":"READY","errorMessage":"","progressUpdateIntervalMs":500,"$$hashKey":"object:255"},{"text":"%pyspark\nevaluator_dt = MulticlassClassificationEvaluator(\n    labelCol=\"label\", \n    predictionCol=\"prediction\", \n    metricName=\"accuracy\")","dateUpdated":"2017-04-23T01:16:51-0700","config":{"colWidth":12,"editorMode":"ace/mode/python","results":{},"enabled":true,"editorSetting":{"language":"python","editOnDblClick":false}},"settings":{"params":{},"forms":{}},"results":{"code":"SUCCESS","msg":[]},"apps":[],"jobName":"paragraph_1492935411316_571371649","id":"20170423-061428_1446177306","dateCreated":"2017-04-23T01:16:51-0700","status":"READY","errorMessage":"","progressUpdateIntervalMs":500,"$$hashKey":"object:256"},{"text":"%pyspark\naccuracy_dt = evaluator_dt.evaluate(predictions_dt)","dateUpdated":"2017-04-23T01:16:51-0700","config":{"colWidth":12,"editorMode":"ace/mode/python","results":{},"enabled":true,"editorSetting":{"language":"python","editOnDblClick":false}},"settings":{"params":{},"forms":{}},"results":{"code":"SUCCESS","msg":[]},"apps":[],"jobName":"paragraph_1492935411317_570986900","id":"20170423-061500_494891792","dateCreated":"2017-04-23T01:16:51-0700","status":"READY","errorMessage":"","progressUpdateIntervalMs":500,"$$hashKey":"object:257"},{"text":"%pyspark\nprint(\"Test Error = {0}\".format((1.0 - accuracy_dt)))","dateUpdated":"2017-04-23T01:16:51-0700","config":{"colWidth":12,"editorMode":"ace/mode/python","results":{},"enabled":true,"editorSetting":{"language":"python","editOnDblClick":false}},"settings":{"params":{},"forms":{}},"results":{"code":"SUCCESS","msg":[{"type":"TEXT","data":"Test Error = 0.0722891566265\n"}]},"apps":[],"jobName":"paragraph_1492935411318_572141147","id":"20170423-061510_632281672","dateCreated":"2017-04-23T01:16:51-0700","status":"READY","errorMessage":"","progressUpdateIntervalMs":500,"$$hashKey":"object:258"},{"text":"%md\n# Random Forest","dateUpdated":"2017-04-23T01:16:51-0700","config":{"tableHide":false,"editorSetting":{"language":"markdown","editOnDblClick":true},"colWidth":12,"editorMode":"ace/mode/markdown","editorHide":true,"results":{},"enabled":true},"settings":{"params":{},"forms":{}},"results":{"code":"SUCCESS","msg":[{"type":"HTML","data":"<h1>Random Forest</h1>\n"}]},"apps":[],"jobName":"paragraph_1492935411319_571756398","id":"20170423-061551_1620585578","dateCreated":"2017-04-23T01:16:51-0700","status":"READY","errorMessage":"","progressUpdateIntervalMs":500,"$$hashKey":"object:259"},{"text":"%pyspark\nrf = RandomForestClassifier(labelCol='label',\n\tmaxDepth=4,\n\timpurity=\"gini\",\n\tnumTrees=500,\n\tseed=42)","dateUpdated":"2017-04-23T01:16:51-0700","config":{"colWidth":12,"editorMode":"ace/mode/python","results":{},"enabled":true,"editorSetting":{"language":"python","editOnDblClick":false}},"settings":{"params":{},"forms":{}},"results":{"code":"SUCCESS","msg":[]},"apps":[],"jobName":"paragraph_1492935411320_569832653","id":"20170423-061736_1391532472","dateCreated":"2017-04-23T01:16:51-0700","status":"READY","errorMessage":"","progressUpdateIntervalMs":500,"$$hashKey":"object:260"},{"text":"%pyspark\nmodel_rf = rf.fit(trainingSet)","dateUpdated":"2017-04-23T01:16:51-0700","config":{"colWidth":12,"editorMode":"ace/mode/python","results":{},"enabled":true,"editorSetting":{"language":"python","editOnDblClick":false}},"settings":{"params":{},"forms":{}},"results":{"code":"SUCCESS","msg":[]},"apps":[],"jobName":"paragraph_1492935411320_569832653","id":"20170423-061903_1651495864","dateCreated":"2017-04-23T01:16:51-0700","status":"READY","errorMessage":"","progressUpdateIntervalMs":500,"$$hashKey":"object:261"},{"text":"%pyspark\npredictions_rf = model_rf.transform(testSet)","dateUpdated":"2017-04-23T01:16:51-0700","config":{"colWidth":12,"editorMode":"ace/mode/python","results":{},"enabled":true,"editorSetting":{"language":"python","editOnDblClick":false}},"settings":{"params":{},"forms":{}},"results":{"code":"SUCCESS","msg":[]},"apps":[],"jobName":"paragraph_1492935411321_569447904","id":"20170423-061910_1330207312","dateCreated":"2017-04-23T01:16:51-0700","status":"READY","errorMessage":"","progressUpdateIntervalMs":500,"$$hashKey":"object:262"},{"text":"%pyspark\nevaluator_rf = MulticlassClassificationEvaluator(labelCol=\"label\", \n\tpredictionCol=\"prediction\", \n\tmetricName=\"accuracy\")","dateUpdated":"2017-04-23T01:16:51-0700","config":{"colWidth":12,"editorMode":"ace/mode/python","results":{},"enabled":true,"editorSetting":{"language":"python","editOnDblClick":false}},"settings":{"params":{},"forms":{}},"results":{"code":"SUCCESS","msg":[]},"apps":[],"jobName":"paragraph_1492935411322_570602151","id":"20170423-061928_1628864200","dateCreated":"2017-04-23T01:16:51-0700","status":"READY","errorMessage":"","progressUpdateIntervalMs":500,"$$hashKey":"object:263"},{"text":"%pyspark\naccuracy_rf = evaluator_rf.evaluate(predictions_rf)\nprint(\"Test Error = {0}\".format((1.0 - accuracy_rf)))","dateUpdated":"2017-04-23T01:16:51-0700","config":{"colWidth":12,"editorMode":"ace/mode/python","results":{},"enabled":true,"editorSetting":{"language":"python","editOnDblClick":false}},"settings":{"params":{},"forms":{}},"results":{"code":"SUCCESS","msg":[{"type":"TEXT","data":"Test Error = 0.0722891566265\n"}]},"apps":[],"jobName":"paragraph_1492935411322_570602151","id":"20170423-061936_1630663902","dateCreated":"2017-04-23T01:16:51-0700","status":"READY","errorMessage":"","progressUpdateIntervalMs":500,"$$hashKey":"object:264"},{"text":"%md\n# Neural Networks\n","dateUpdated":"2017-04-23T01:16:51-0700","config":{"tableHide":false,"editorSetting":{"language":"markdown","editOnDblClick":true},"colWidth":12,"editorMode":"ace/mode/markdown","editorHide":true,"results":{},"enabled":true},"settings":{"params":{},"forms":{}},"results":{"code":"SUCCESS","msg":[{"type":"HTML","data":"<h1>Neural Networks</h1>\n"}]},"apps":[],"jobName":"paragraph_1492935411323_570217402","id":"20170423-062001_2006746793","dateCreated":"2017-04-23T01:16:51-0700","status":"READY","errorMessage":"","progressUpdateIntervalMs":500,"$$hashKey":"object:265"},{"text":"%pyspark \nscaler = MinMaxScaler(inputCol='features', outputCol='scaledFeatures')\n\nscalerModel = scaler.fit(df)\nscaledData = scalerModel.transform(df)","dateUpdated":"2017-04-23T01:16:51-0700","config":{"colWidth":12,"editorMode":"ace/mode/python","results":{},"enabled":true,"editorSetting":{"language":"python","editOnDblClick":false}},"settings":{"params":{},"forms":{}},"results":{"code":"SUCCESS","msg":[]},"apps":[],"jobName":"paragraph_1492935411324_568293658","id":"20170423-062134_1181406934","dateCreated":"2017-04-23T01:16:51-0700","status":"READY","errorMessage":"","progressUpdateIntervalMs":500,"$$hashKey":"object:266"},{"text":"%pyspark\nprint(\"Features scaled to range: [%f, %f]\" % (scaler.getMin(), scaler.getMax()))","dateUpdated":"2017-04-23T01:16:51-0700","config":{"colWidth":12,"editorMode":"ace/mode/python","results":{},"enabled":true,"editorSetting":{"language":"python","editOnDblClick":false}},"settings":{"params":{},"forms":{}},"results":{"code":"SUCCESS","msg":[{"type":"TEXT","data":"Features scaled to range: [0.000000, 1.000000]\n"}]},"apps":[],"jobName":"paragraph_1492935411325_567908909","id":"20170423-062249_1463359208","dateCreated":"2017-04-23T01:16:51-0700","status":"READY","errorMessage":"","progressUpdateIntervalMs":500,"$$hashKey":"object:267"},{"text":"%pyspark\nnew_df = scaledData.selectExpr(\"label\", \"radius_mean\", \"texture_mean\", \n\t\"perimeter_mean\", \"area_mean\", \"smoothness_mean\", \"compactness_mean\",\n\t \"concavity_mean\", \"concave_points_mean\", \"symmetry_mean\", \n\t \"fractal_dimension_mean\", \"radius_se\", \"texture_se\", \"perimeter_se\", \n\t \"area_se\", \"smoothness_se\", \"compactness_se\", \"concavity_se\", \n\t \"concave_points_se\", \"symmetry_se\", \"fractal_dimension_se\", \n\t \"radius_worst\", \"texture_worst\", \"perimeter_worst\", \n\t \"area_worst\", \"smoothness_worst\", \"compactness_worst\", \n\t \"concavity_worst\", \"concave_points_worst\", \"symmetry_worst\", \n\t \"fractal_dimension_worst\",\"features as oldFeature\", \n\t \"scaledFeatures as features\")","dateUpdated":"2017-04-23T01:16:51-0700","config":{"colWidth":12,"editorMode":"ace/mode/python","results":{},"enabled":true,"editorSetting":{"language":"python","editOnDblClick":false}},"settings":{"params":{},"forms":{}},"results":{"code":"SUCCESS","msg":[]},"apps":[],"jobName":"paragraph_1492935411326_569063155","id":"20170423-062302_992392082","dateCreated":"2017-04-23T01:16:51-0700","status":"READY","errorMessage":"","progressUpdateIntervalMs":500,"$$hashKey":"object:268"},{"text":"%pyspark\n# Creating training and test sets\n(trainingSet_scaled, testSet_scaled) = new_df\\\n.randomSplit([0.7, 0.3], seed = 42)\n\nlayers = [30, 5, 4, 2]","dateUpdated":"2017-04-23T01:16:51-0700","config":{"colWidth":12,"editorMode":"ace/mode/python","results":{},"enabled":true,"editorSetting":{"language":"python","editOnDblClick":false}},"settings":{"params":{},"forms":{}},"results":{"code":"SUCCESS","msg":[]},"apps":[],"jobName":"paragraph_1492935411326_569063155","id":"20170423-062329_1005850037","dateCreated":"2017-04-23T01:16:51-0700","status":"READY","errorMessage":"","progressUpdateIntervalMs":500,"$$hashKey":"object:269"},{"text":"%pyspark\ntrainer = MultilayerPerceptronClassifier(maxIter=100, \n\tlayers=layers, \n\tblockSize=128, \n\tseed=1234)","dateUpdated":"2017-04-23T01:16:51-0700","config":{"colWidth":12,"editorMode":"ace/mode/python","results":{},"enabled":true,"editorSetting":{"language":"python","editOnDblClick":false}},"settings":{"params":{},"forms":{}},"results":{"code":"SUCCESS","msg":[]},"apps":[],"jobName":"paragraph_1492935411327_568678407","id":"20170423-062414_1096546719","dateCreated":"2017-04-23T01:16:51-0700","status":"READY","errorMessage":"","progressUpdateIntervalMs":500,"$$hashKey":"object:270"},{"text":"%pyspark\nmodel_nn = trainer.fit(trainingSet_scaled)","dateUpdated":"2017-04-23T01:16:51-0700","config":{"colWidth":12,"editorMode":"ace/mode/python","results":{},"enabled":true,"editorSetting":{"language":"python","editOnDblClick":false}},"settings":{"params":{},"forms":{}},"results":{"code":"SUCCESS","msg":[]},"apps":[],"jobName":"paragraph_1492935411328_652938416","id":"20170423-062430_1394594903","dateCreated":"2017-04-23T01:16:51-0700","status":"READY","errorMessage":"","progressUpdateIntervalMs":500,"$$hashKey":"object:271"},{"text":"%pyspark\nresult_nn = model_nn.transform(testSet_scaled)\npredictions_nn = result_nn.select(\"prediction\", \"label\")\nevaluator_nn = MulticlassClassificationEvaluator(metricName=\"accuracy\")","dateUpdated":"2017-04-23T01:16:51-0700","config":{"colWidth":12,"editorMode":"ace/mode/python","results":{},"enabled":true,"editorSetting":{"language":"python","editOnDblClick":false}},"settings":{"params":{},"forms":{}},"results":{"code":"SUCCESS","msg":[]},"apps":[],"jobName":"paragraph_1492935411329_652553667","id":"20170423-062438_950890432","dateCreated":"2017-04-23T01:16:51-0700","status":"READY","errorMessage":"","progressUpdateIntervalMs":500,"$$hashKey":"object:272"},{"text":"%pyspark\naccuracy_nn = evaluator_nn.evaluate(predictions_nn) \n\nprint(\"Test Error = %g\" % (1.0 - accuracy_nn))","dateUpdated":"2017-04-23T01:16:51-0700","config":{"colWidth":12,"editorMode":"ace/mode/python","results":{},"enabled":true,"editorSetting":{"language":"python","editOnDblClick":false}},"settings":{"params":{},"forms":{}},"results":{"code":"SUCCESS","msg":[{"type":"TEXT","data":"Test Error = 0.0446927\n"}]},"apps":[],"jobName":"paragraph_1492935411329_652553667","id":"20170423-062458_962956565","dateCreated":"2017-04-23T01:16:51-0700","status":"READY","errorMessage":"","progressUpdateIntervalMs":500,"$$hashKey":"object:273"},{"text":"%pyspark\n","dateUpdated":"2017-04-23T01:16:51-0700","config":{"colWidth":12,"editorMode":"ace/mode/python","results":{},"enabled":true,"editorSetting":{"language":"python","editOnDblClick":false}},"settings":{"params":{},"forms":{}},"apps":[],"jobName":"paragraph_1492935411330_653707913","id":"20170423-062508_1561863743","dateCreated":"2017-04-23T01:16:51-0700","status":"READY","errorMessage":"","progressUpdateIntervalMs":500,"$$hashKey":"object:274"}],"name":"breastCancerMachineLearning","id":"2CEY53YPA","angularObjects":{"2CECP2KSJ:shared_process":[],"2CEAA8R18:shared_process":[],"2CEAGTXJS:shared_process":[],"2CEM5S4C6:shared_process":[],"2CDXZCUHR:shared_process":[],"2CDXJWRG5:shared_process":[],"2CCVCCN7B:shared_process":[],"2CDER5QY5:shared_process":[],"2CFDXMD3K:shared_process":[],"2CEFYZ3J8:shared_process":[],"2CFQ4VA1V:shared_process":[],"2CCYBXVC5:shared_process":[],"2CFXY43GY:shared_process":[],"2CG2U7N1Z:shared_process":[],"2CE6A2D8P:shared_process":[],"2CFZA8Y8R:shared_process":[],"2CE3ZUS2K:shared_process":[],"2CCQP97XZ:shared_process":[],"2CDHY866U:shared_process":[]},"config":{"looknfeel":"default","personalizedMode":"false"},"info":{}}